year,title,Team,A,D,F,GD,L,P,Pos,Pts,W,champion
2016/2017,Premier League 2016-2017,Chelsea,33,3,85,52,5,38,1,93,30,yes
2016/2017,Premier League 2016-2017,Tottenham Hotspurs,26,8,86,60,4,38,2,86,26,
2016/2017,Premier League 2016-2017,Manchester City,39,9,80,41,6,38,3,78,23,
2016/2017,Premier League 2016-2017,Liverpool,42,10,78,36,6,38,4,76,22,
2016/2017,Premier League 2016-2017,Arsenal,44,6,77,33,9,38,5,75,23,
2016/2017,Premier League 2016-2017,Manchester United,29,15,54,25,5,38,6,69,18,
2016/2017,Premier League 2016-2017,Everton,44,10,62,18,11,38,7,61,17,
2016/2017,Premier League 2016-2017,Southampton,48,10,41,-7,16,38,8,46,12,
2016/2017,Premier League 2016-2017,Bournemouth,67,10,55,-12,16,38,9,46,12,
2016/2017,Premier League 2016-2017,West Bromwich Albion,51,9,43,-8,17,38,10,45,12,
2016/2017,Premier League 2016-2017,West Ham United,64,9,47,-17,17,38,11,45,12,
2016/2017,Premier League 2016-2017,Leicester City,63,8,48,-15,18,38,12,44,12,
2016/2017,Premier League 2016-2017,Stoke City,56,11,41,-15,16,38,13,44,11,
2016/2017,Premier League 2016-2017,Crystal Palace,63,5,50,-13,21,38,14,41,12,
2016/2017,Premier League 2016-2017,Swansea City,70,5,45,-25,21,38,15,41,12,
2016/2017,Premier League 2016-2017,Burnley,55,7,39,-16,20,38,16,40,11,
2016/2017,Premier League 2016-2017,Watford,68,7,40,-28,20,38,17,40,11,
2016/2017,Premier League 2016-2017,Hull City,80,7,37,-43,22,38,18,34,9,
2016/2017,Premier League 2016-2017,Middlesbrough,53,13,27,-26,20,38,19,28,5,
2016/2017,Premier League 2016-2017,Sunderland,69,6,29,-40,26,38,20,24,6,
2015/2016,Premier League 2016-2017,Leicester City,23,12,68,32,3,38,1,81,23,yes
2015/2016,Premier League 2016-2017,Arsenal,20,11,65,29,7,38,2,71,20,
2015/2016,Premier League 2016-2017,Tottenham Hotspur,19,13,69,34,6,38,3,70,19,
2015/2016,Premier League 2016-2017,Manchester City,19,9,71,30,10,38,4,66,19,
2015/2016,Premier League 2016-2017,Manchester United,19,9,49,14,10,38,5,66,19,
2015/2016,Premier League 2016-2017,Southampton,18,9,59,18,11,38,6,63,18,
2015/2016,Premier League 2016-2017,West Ham United,16,14,65,14,8,38,7,62,16,
2015/2016,Premier League 2016-2017,Liverpool,16,12,63,13,10,38,8,60,16,
2015/2016,Premier League 2016-2017,Stoke City,14,9,41,-14,15,38,9,51,14,
2015/2016,Premier League 2016-2017,Chelsea,12,14,59,6,12,38,10,50,12,
2015/2016,Premier League 2016-2017,Everton,11,14,59,4,13,38,11,47,11,
2015/2016,Premier League 2016-2017,Swansea City,12,11,42,-10,15,38,12,47,12,
2015/2016,Premier League 2016-2017,Watford,12,9,40,-10,17,38,13,45,12,
2015/2016,Premier League 2016-2017,West Bromwich …,10,13,34,-14,15,38,14,43,10,
2015/2016,Premier League 2016-2017,Crystal Palace,11,9,39,-12,18,38,15,42,11,
2015/2016,Premier League 2016-2017,AFC Bournemouth,11,9,45,-22,18,38,16,42,11,
2015/2016,Premier League 2016-2017,Sunderland,9,12,48,-14,17,38,17,39,9,
2015/2016,Premier League 2016-2017,Newcastle United,9,10,44,-21,19,38,18,37,9,
2015/2016,Premier League 2016-2017,Norwich City,9,7,39,-28,22,38,19,34,9,
2015/2016,Premier League 2016-2017,Aston Villa,3,8,27,-49,27,38,20,17,3,
2014/2015,Barclaycard Premier League 2014-2015,Chelsea,32,9,73,41,3,38,1,87,26,yes
2014/2015,Barclaycard Premier League 2014-2015,Manchester City,38,7,83,45,7,38,2,79,24,
2014/2015,Barclaycard Premier League 2014-2015,Arsenal,36,9,71,35,7,38,3,75,22,
2014/2015,Barclaycard Premier League 2014-2015,Manchester United,37,10,62,25,8,38,4,70,20,
2014/2015,Barclaycard Premier League 2014-2015,Tottenham Hotspurs,53,7,58,5,12,38,5,64,19,
2014/2015,Barclaycard Premier League 2014-2015,Liverpool,48,8,52,4,12,38,6,62,18,
2014/2015,Barclaycard Premier League 2014-2015,Southampton,33,6,54,21,14,38,7,60,18,
2014/2015,Barclaycard Premier League 2014-2015,Swansea City,49,8,46,-3,14,38,8,56,16,
2014/2015,Barclaycard Premier League 2014-2015,Stoke City,45,9,48,3,14,38,9,54,15,
2014/2015,Barclaycard Premier League 2014-2015,Crystal Palace,51,9,47,-4,16,38,10,48,13,
2014/2015,Barclaycard Premier League 2014-2015,Everton,50,11,48,-2,15,38,11,47,12,
2014/2015,Barclaycard Premier League 2014-2015,West Ham United,47,11,44,-3,15,38,12,47,12,
2014/2015,Barclaycard Premier League 2014-2015,West Bromwich Albion,51,11,38,-13,16,38,13,44,11,
2014/2015,Barclaycard Premier League 2014-2015,Leicester City,55,8,46,-9,19,38,14,41,11,
2014/2015,Barclaycard Premier League 2014-2015,Newcastle United,63,9,40,-23,19,38,15,39,10,
2014/2015,Barclaycard Premier League 2014-2015,Sunderland,53,17,31,-22,14,38,16,38,7,
2014/2015,Barclaycard Premier League 2014-2015,Aston Villa,57,8,31,-26,20,38,17,38,10,
2014/2015,Barclaycard Premier League 2014-2015,Hull City,51,11,33,-18,19,38,18,35,8,
2014/2015,Barclaycard Premier League 2014-2015,Burnley,53,12,28,-25,19,38,19,33,7,
2014/2015,Barclaycard Premier League 2014-2015,Queens Park Rangers,73,6,42,-31,24,38,20,30,8,
2013/2014,Barclaycard Premier League 2013-2014,Manchester City,37,5,102,65,6,38,1,86,27,yes
2013/2014,Barclaycard Premier League 2013-2014,Liverpool,50,6,101,51,6,38,2,84,26,
2013/2014,Barclaycard Premier League 2013-2014,Chelsea,27,7,71,44,6,38,3,82,25,
2013/2014,Barclaycard Premier League 2013-2014,Arsenal,41,7,68,27,7,38,4,79,24,
2013/2014,Barclaycard Premier League 2013-2014,Everton,39,9,61,22,8,38,5,72,21,
2013/2014,Barclaycard Premier League 2013-2014,Tottenham Hotspurs,51,6,55,4,11,38,6,69,21,
2013/2014,Barclaycard Premier League 2013-2014,Manchester United,43,7,64,21,12,38,7,64,19,
2013/2014,Barclaycard Premier League 2013-2014,Southampton,46,11,54,8,12,38,8,56,15,
2013/2014,Barclaycard Premier League 2013-2014,Stoke City,52,11,45,-7,14,38,9,50,13,
2013/2014,Barclaycard Premier League 2013-2014,Newcastle United,59,4,43,-16,19,38,10,49,15,
2013/2014,Barclaycard Premier League 2013-2014,Crystal Palace,48,6,33,-15,19,38,11,45,13,
2013/2014,Barclaycard Premier League 2013-2014,Swansea City,54,9,54,0,18,38,12,42,11,
2013/2014,Barclaycard Premier League 2013-2014,West Ham United,51,7,40,-11,20,38,13,40,11,
2013/2014,Barclaycard Premier League 2013-2014,Sunderland,60,8,41,-19,20,38,14,38,10,
2013/2014,Barclaycard Premier League 2013-2014,Aston Villa,61,8,39,-22,20,38,15,38,10,
2013/2014,Barclaycard Premier League 2013-2014,Hull City,53,7,38,-15,21,38,16,37,10,
2013/2014,Barclaycard Premier League 2013-2014,West Bromwich Albion,59,15,43,-16,16,38,17,36,7,
2013/2014,Barclaycard Premier League 2013-2014,Norwich City,62,9,28,-34,21,38,18,33,8,
2013/2014,Barclaycard Premier League 2013-2014,Fulham,85,5,40,-45,24,38,19,32,9,
2013/2014,Barclaycard Premier League 2013-2014,Cardiff City,74,9,32,-42,22,38,20,30,7,
2012/2013,Barclaycard Premier League 2012-2013,Manchester United,43,5,86,43,5,38,1,89,28,yes
2012/2013,Barclaycard Premier League 2012-2013,Manchester City,34,9,66,32,6,38,2,78,23,
2012/2013,Barclaycard Premier League 2012-2013,Chelsea,39,9,75,36,7,38,3,75,22,
2012/2013,Barclaycard Premier League 2012-2013,Arsenal,37,10,72,35,7,38,4,73,21,
2012/2013,Barclaycard Premier League 2012-2013,Tottenham Hotspurs,46,9,66,20,8,38,5,72,21,
2012/2013,Barclaycard Premier League 2012-2013,Everton,40,15,55,15,7,38,6,63,16,
2012/2013,Barclaycard Premier League 2012-2013,Liverpool,43,13,71,28,9,38,7,61,16,
2012/2013,Barclaycard Premier League 2012-2013,West Bromwich Albion,57,7,53,-4,17,38,8,49,14,
2012/2013,Barclaycard Premier League 2012-2013,Swansea City,51,13,47,-4,14,38,9,46,11,
2012/2013,Barclaycard Premier League 2012-2013,West Ham United,53,10,45,-8,16,38,10,46,12,
2012/2013,Barclaycard Premier League 2012-2013,Norwich City,58,14,41,-17,14,38,11,44,10,
2012/2013,Barclaycard Premier League 2012-2013,Fulham,60,10,50,-10,17,38,12,43,11,
2012/2013,Barclaycard Premier League 2012-2013,Stoke City,45,15,34,-11,14,38,13,42,9,
2012/2013,Barclaycard Premier League 2012-2013,Southampton,60,14,49,-11,15,38,14,41,9,
2012/2013,Barclaycard Premier League 2012-2013,Aston Villa,69,11,47,-22,17,38,15,41,10,
2012/2013,Barclaycard Premier League 2012-2013,Newcastle United,68,8,45,-23,19,38,16,41,11,
2012/2013,Barclaycard Premier League 2012-2013,Sunderland,54,12,41,-13,17,38,17,39,9,
2012/2013,Barclaycard Premier League 2012-2013,Wigan,73,9,47,-26,20,38,18,36,9,
2012/2013,Barclaycard Premier League 2012-2013,Reading,73,10,43,-30,22,38,19,28,6,
2012/2013,Barclaycard Premier League 2012-2013,Queens Park Rangers,60,13,30,-30,21,38,20,25,4,
2011/2012,Barclaycard Premier League 2011-2012,Manchester City,29,5,93,64,5,38,1,89,28,yes
2011/2012,Barclaycard Premier League 2011-2012,Manchester United,33,5,89,56,5,38,2,89,28,
2011/2012,Barclaycard Premier League 2011-2012,Arsenal,49,7,74,25,10,38,3,70,21,
2011/2012,Barclaycard Premier League 2011-2012,Tottenham Hotspurs,41,9,66,25,9,38,4,69,20,
2011/2012,Barclaycard Premier League 2011-2012,Newcastle United,51,8,56,5,11,38,5,65,19,
2011/2012,Barclaycard Premier League 2011-2012,Chelsea,46,10,65,19,10,38,6,64,18,
2011/2012,Barclaycard Premier League 2011-2012,Everton,40,11,50,10,12,38,7,56,15,
2011/2012,Barclaycard Premier League 2011-2012,Liverpool,40,10,47,7,14,38,8,52,14,
2011/2012,Barclaycard Premier League 2011-2012,Fulham,51,10,48,-3,14,38,9,52,14,
2011/2012,Barclaycard Premier League 2011-2012,West Bromwich Albion,52,8,45,-7,17,38,10,47,13,
2011/2012,Barclaycard Premier League 2011-2012,Swansea City,51,11,44,-7,15,38,11,47,12,
2011/2012,Barclaycard Premier League 2011-2012,Norwich City,66,11,52,-14,15,38,12,47,12,
2011/2012,Barclaycard Premier League 2011-2012,Sunderland,46,12,45,-1,15,38,13,45,11,
2011/2012,Barclaycard Premier League 2011-2012,Stoke City,53,12,36,-17,15,38,14,45,11,
2011/2012,Barclaycard Premier League 2011-2012,Wigan,62,10,42,-20,17,38,15,43,11,
2011/2012,Barclaycard Premier League 2011-2012,Aston Villa,53,17,37,-16,14,38,16,38,7,
2011/2012,Barclaycard Premier League 2011-2012,Queens Park Rangers,66,7,43,-23,21,38,17,37,10,
2011/2012,Barclaycard Premier League 2011-2012,Bolton Wanderers,77,6,46,-31,22,38,18,36,10,
2011/2012,Barclaycard Premier League 2011-2012,Blackburn Rovers,78,7,48,-30,23,38,19,31,8,
2011/2012,Barclaycard Premier League 2011-2012,Wolverhampton Wanderers,82,10,40,-42,23,38,20,25,5,
2010/2011,Barclaycard Premier League 2010-2011,Manchester United,37,11,78,41,4,38,1,80,23,yes
2010/2011,Barclaycard Premier League 2010-2011,Chelsea,33,8,69,36,9,38,2,71,21,
2010/2011,Barclaycard Premier League 2010-2011,Manchester City,33,8,60,27,9,38,3,71,21,
2010/2011,Barclaycard Premier League 2010-2011,Arsenal,43,11,72,29,8,38,4,68,19,
2010/2011,Barclaycard Premier League 2010-2011,Tottenham Hotspurs,46,14,55,9,8,38,5,62,16,
2010/2011,Barclaycard Premier League 2010-2011,Liverpool,44,7,59,15,14,38,6,58,17,
2010/2011,Barclaycard Premier League 2010-2011,Everton,45,15,51,6,10,38,7,54,13,
2010/2011,Barclaycard Premier League 2010-2011,Fulham,43,16,49,6,11,38,8,49,11,
2010/2011,Barclaycard Premier League 2010-2011,Aston Villa,59,12,48,-11,14,38,9,48,12,
2010/2011,Barclaycard Premier League 2010-2011,Sunderland,56,11,45,-11,15,38,10,47,12,
2010/2011,Barclaycard Premier League 2010-2011,West Bromwich Albion,71,11,56,-15,15,38,11,47,12,
2010/2011,Barclaycard Premier League 2010-2011,Newcastle United,57,13,56,-1,14,38,12,46,11,
2010/2011,Barclaycard Premier League 2010-2011,Stoke City,48,7,46,-2,18,38,13,46,13,
2010/2011,Barclaycard Premier League 2010-2011,Bolton Wanderers,56,10,52,-4,16,38,14,46,12,
2010/2011,Barclaycard Premier League 2010-2011,Blackburn Rovers,59,10,46,-13,17,38,15,43,11,
2010/2011,Barclaycard Premier League 2010-2011,Wigan,61,15,40,-21,14,38,16,42,9,
2010/2011,Barclaycard Premier League 2010-2011,Wolverhampton Wanderers,66,7,46,-20,20,38,17,40,11,
2010/2011,Barclaycard Premier League 2010-2011,Birmingham City,58,15,37,-21,15,38,18,39,8,
2010/2011,Barclaycard Premier League 2010-2011,Blackpool,78,9,55,-23,19,38,19,39,10,
2010/2011,Barclaycard Premier League 2010-2011,West Ham United,70,12,43,-27,19,38,20,33,7,
2009/2010,Barclaycard Premier League 2009-2010,Chelsea,32,5,103,71,6,38,1,86,27,yes
2009/2010,Barclaycard Premier League 2009-2010,Manchester United,28,4,86,58,7,38,2,85,27,
2009/2010,Barclaycard Premier League 2009-2010,Arsenal,41,6,83,42,9,38,3,75,23,
2009/2010,Barclaycard Premier League 2009-2010,Tottenham Hotspurs,41,7,67,26,10,38,4,70,21,
2009/2010,Barclaycard Premier League 2009-2010,Manchester City,45,13,73,28,7,38,5,67,18,
2009/2010,Barclaycard Premier League 2009-2010,Aston Villa,39,13,52,13,8,38,6,64,17,
2009/2010,Barclaycard Premier League 2009-2010,Liverpool,35,9,61,26,11,38,7,63,18,
2009/2010,Barclaycard Premier League 2009-2010,Everton,49,13,60,11,9,38,8,61,16,
2009/2010,Barclaycard Premier League 2009-2010,Birmingham City,47,11,38,-9,14,38,9,50,13,
2009/2010,Barclaycard Premier League 2009-2010,Blackburn Rovers,55,11,41,-14,14,38,10,50,13,
2009/2010,Barclaycard Premier League 2009-2010,Stoke City,48,14,34,-14,13,38,11,47,11,
2009/2010,Barclaycard Premier League 2009-2010,Fulham,46,10,39,-7,16,38,12,46,12,
2009/2010,Barclaycard Premier League 2009-2010,Sunderland,56,11,48,-8,16,38,13,44,11,
2009/2010,Barclaycard Premier League 2009-2010,Bolton Wanderers,67,9,42,-25,19,38,14,39,10,
2009/2010,Barclaycard Premier League 2009-2010,Wolverhampton Wanderers,56,11,32,-24,18,38,15,38,9,
2009/2010,Barclaycard Premier League 2009-2010,Wigan,79,9,37,-42,20,38,16,36,9,
2009/2010,Barclaycard Premier League 2009-2010,West Ham United,66,11,47,-19,19,38,17,35,8,
2009/2010,Barclaycard Premier League 2009-2010,Burnley,82,6,42,-40,24,38,18,30,8,
2009/2010,Barclaycard Premier League 2009-2010,Hull City,75,12,34,-41,20,38,19,30,6,
2009/2010,Barclaycard Premier League 2009-2010,Portsmouth,66,7,34,-32,24,38,20,19,7,
2008/2009,Barclaycard Premier League 2008-2009,Manchester United,24,6,68,44,4,38,1,90,28,yes
2008/2009,Barclaycard Premier League 2008-2009,Liverpool,27,11,77,50,2,38,2,86,25,
2008/2009,Barclaycard Premier League 2008-2009,Chelsea,24,8,68,44,5,38,3,83,25,
2008/2009,Barclaycard Premier League 2008-2009,Arsenal,37,12,68,31,6,38,4,72,20,
2008/2009,Barclaycard Premier League 2008-2009,Everton,37,12,55,18,9,38,5,63,17,
2008/2009,Barclaycard Premier League 2008-2009,Aston Villa,48,11,54,6,10,38,6,62,17,
2008/2009,Barclaycard Premier League 2008-2009,Fulham,34,11,39,5,13,38,7,53,14,
2008/2009,Barclaycard Premier League 2008-2009,Tottenham Hotspurs,45,9,45,0,15,38,8,51,14,
2008/2009,Barclaycard Premier League 2008-2009,West Ham United,45,9,42,-3,15,38,9,51,14,
2008/2009,Barclaycard Premier League 2008-2009,Manchester City,50,5,58,8,18,38,10,50,15,
2008/2009,Barclaycard Premier League 2008-2009,Wigan,45,9,34,-11,17,38,11,45,12,
2008/2009,Barclaycard Premier League 2008-2009,Stoke City,55,9,38,-17,17,38,12,45,12,
2008/2009,Barclaycard Premier League 2008-2009,Bolton Wanderers,53,8,41,-12,19,38,13,41,11,
2008/2009,Barclaycard Premier League 2008-2009,Portsmouth,57,11,38,-19,17,38,14,41,10,
2008/2009,Barclaycard Premier League 2008-2009,Blackburn Rovers,60,11,40,-20,17,38,15,41,10,
2008/2009,Barclaycard Premier League 2008-2009,Sunderland,54,9,34,-20,20,38,16,36,9,
2008/2009,Barclaycard Premier League 2008-2009,Hull City,64,11,39,-25,19,38,17,35,8,
2008/2009,Barclaycard Premier League 2008-2009,Newcastle United,59,13,40,-19,18,38,18,34,7,
2008/2009,Barclaycard Premier League 2008-2009,Middlesbrough,57,11,28,-29,20,38,19,32,7,
2008/2009,Barclaycard Premier League 2008-2009,West Bromwich Albion,67,8,36,-31,22,38,20,32,8,
2007/2008,Barclaycard Premier League 2007-2008,Manchester United,22,6,80,58,5,38,1,87,27,yes
2007/2008,Barclaycard Premier League 2007-2008,Chelsea,26,10,65,39,3,38,2,85,25,
2007/2008,Barclaycard Premier League 2007-2008,Arsenal,31,11,75,44,3,38,3,83,24,
2007/2008,Barclaycard Premier League 2007-2008,Liverpool,28,13,67,39,4,38,4,76,21,
2007/2008,Barclaycard Premier League 2007-2008,Everton,33,8,55,22,11,38,5,65,19,
2007/2008,Barclaycard Premier League 2007-2008,Aston Villa,51,12,71,20,10,38,6,60,16,
2007/2008,Barclaycard Premier League 2007-2008,Blackburn Rovers,48,13,50,2,10,38,7,58,15,
2007/2008,Barclaycard Premier League 2007-2008,Portsmouth,40,9,48,8,13,38,8,57,16,
2007/2008,Barclaycard Premier League 2007-2008,Manchester City,53,10,45,-8,13,38,9,55,15,
2007/2008,Barclaycard Premier League 2007-2008,West Ham United,50,10,42,-8,15,38,10,49,13,
2007/2008,Barclaycard Premier League 2007-2008,Tottenham Hotspurs,61,13,66,5,14,38,11,46,11,
2007/2008,Barclaycard Premier League 2007-2008,Newcastle United,65,10,45,-20,17,38,12,43,11,
2007/2008,Barclaycard Premier League 2007-2008,Middlesbrough,53,12,43,-10,16,38,13,42,10,
2007/2008,Barclaycard Premier League 2007-2008,Wigan,51,10,34,-17,18,38,14,40,10,
2007/2008,Barclaycard Premier League 2007-2008,Sunderland,60,6,36,-24,21,38,15,39,11,
2007/2008,Barclaycard Premier League 2007-2008,Bolton Wanderers,54,10,36,-18,19,38,16,37,9,
2007/2008,Barclaycard Premier League 2007-2008,Fulham,60,12,38,-22,18,38,17,36,8,
2007/2008,Barclaycard Premier League 2007-2008,Reading,66,6,41,-25,22,38,18,36,10,
2007/2008,Barclaycard Premier League 2007-2008,Birmingham City,62,11,46,-16,19,38,19,35,8,
2007/2008,Barclaycard Premier League 2007-2008,Derby County,89,8,20,-69,29,38,20,11,1,
2006/2007,Barclaycard Premier League 2006-2007,Manchester United,27,5,83,56,5,38,1,89,28,yes
2006/2007,Barclaycard Premier League 2006-2007,Chelsea,24,11,64,40,3,38,2,83,24,
2006/2007,Barclaycard Premier League 2006-2007,Liverpool,27,8,57,30,10,38,3,68,20,
2006/2007,Barclaycard Premier League 2006-2007,Arsenal,35,11,63,28,8,38,4,68,19,
2006/2007,Barclaycard Premier League 2006-2007,Tottenham Hotspurs,54,9,57,3,12,38,5,60,17,
2006/2007,Barclaycard Premier League 2006-2007,Everton,36,13,52,16,10,38,6,58,15,
2006/2007,Barclaycard Premier League 2006-2007,Bolton Wanderers,52,8,47,-5,14,38,7,56,16,
2006/2007,Barclaycard Premier League 2006-2007,Reading,47,7,52,5,15,38,8,55,16,
2006/2007,Barclaycard Premier League 2006-2007,Portsmouth,42,12,45,3,12,38,9,54,14,
2006/2007,Barclaycard Premier League 2006-2007,Blackburn Rovers,54,7,52,-2,16,38,10,52,15,
2006/2007,Barclaycard Premier League 2006-2007,Aston Villa,41,17,43,2,10,38,11,50,11,
2006/2007,Barclaycard Premier League 2006-2007,Middlesbrough,49,10,44,-5,16,38,12,46,12,
2006/2007,Barclaycard Premier League 2006-2007,Newcastle United,47,10,38,-9,17,38,13,43,11,
2006/2007,Barclaycard Premier League 2006-2007,Manchester City,44,9,29,-15,18,38,14,42,11,
2006/2007,Barclaycard Premier League 2006-2007,West Ham United,59,5,35,-24,21,38,15,41,12,
2006/2007,Barclaycard Premier League 2006-2007,Fulham,60,15,38,-22,15,38,16,39,8,
2006/2007,Barclaycard Premier League 2006-2007,Wigan,59,8,37,-22,20,38,17,38,10,
2006/2007,Barclaycard Premier League 2006-2007,Sheffield United,55,8,32,-23,20,38,18,38,10,
2006/2007,Barclaycard Premier League 2006-2007,Charlton Athletic,60,10,34,-26,20,38,19,34,8,
2006/2007,Barclaycard Premier League 2006-2007,Watford,59,13,29,-30,20,38,20,28,5,
2005/2006,Barclaycard Premier League 2005-2006,Chelsea,22,4,72,50,5,38,1,91,29,yes
2005/2006,Barclaycard Premier League 2005-2006,Manchester United,34,8,72,38,5,38,2,83,25,
2005/2006,Barclaycard Premier League 2005-2006,Liverpool,25,7,57,32,6,38,3,82,25,
2005/2006,Barclaycard Premier League 2005-2006,Arsenal,31,7,68,37,11,38,4,67,20,
2005/2006,Barclaycard Premier League 2005-2006,Tottenham Hotspurs,38,11,53,15,9,38,5,65,18,
2005/2006,Barclaycard Premier League 2005-2006,Blackburn Rovers,42,6,51,9,13,38,6,63,19,
2005/2006,Barclaycard Premier League 2005-2006,Newcastle United,42,7,47,5,14,38,7,58,17,
2005/2006,Barclaycard Premier League 2005-2006,Bolton Wanderers,41,11,49,8,12,38,8,56,15,
2005/2006,Barclaycard Premier League 2005-2006,West Ham United,55,7,52,-3,15,38,9,55,16,
2005/2006,Barclaycard Premier League 2005-2006,Wigan,52,6,45,-7,17,38,10,51,15,
2005/2006,Barclaycard Premier League 2005-2006,Everton,49,8,34,-15,16,38,11,50,14,
2005/2006,Barclaycard Premier League 2005-2006,Fulham,58,6,48,-10,18,38,12,48,14,
2005/2006,Barclaycard Premier League 2005-2006,Charlton Athletic,55,8,41,-14,17,38,13,47,13,
2005/2006,Barclaycard Premier League 2005-2006,Middlesbrough,58,9,48,-10,17,38,14,45,12,
2005/2006,Barclaycard Premier League 2005-2006,Manchester City,48,4,43,-5,21,38,15,43,13,
2005/2006,Barclaycard Premier League 2005-2006,Aston Villa,55,12,42,-13,16,38,16,42,10,
2005/2006,Barclaycard Premier League 2005-2006,Portsmouth,62,8,37,-25,20,38,17,38,10,
2005/2006,Barclaycard Premier League 2005-2006,Birmingham City,50,10,28,-22,20,38,18,34,8,
2005/2006,Barclaycard Premier League 2005-2006,West Bromwich Albion,58,9,31,-27,22,38,19,30,7,
2005/2006,Barclaycard Premier League 2005-2006,Sunderland,69,6,26,-43,29,38,20,15,3,
2004/2005,Barclaycard Premier League 2004-2005,Chelsea,15,8,72,57,1,38,1,95,29,yes
2004/2005,Barclaycard Premier League 2004-2005,Arsenal,36,8,87,51,5,38,2,83,25,
2004/2005,Barclaycard Premier League 2004-2005,Manchester United,26,11,58,32,5,38,3,77,22,
2004/2005,Barclaycard Premier League 2004-2005,Everton,46,7,45,-1,13,38,4,61,18,
2004/2005,Barclaycard Premier League 2004-2005,Liverpool,41,7,52,11,14,38,5,58,17,
2004/2005,Barclaycard Premier League 2004-2005,Bolton Wanderers,44,10,49,5,12,38,6,58,16,
2004/2005,Barclaycard Premier League 2004-2005,Middlesbrough,46,13,53,7,11,38,7,55,14,
2004/2005,Barclaycard Premier League 2004-2005,Manchester City,39,13,47,8,12,38,8,52,13,
2004/2005,Barclaycard Premier League 2004-2005,Tottenham Hotspurs,41,10,47,6,14,38,9,52,14,
2004/2005,Barclaycard Premier League 2004-2005,Aston Villa,52,11,45,-7,15,38,10,47,12,
2004/2005,Barclaycard Premier League 2004-2005,Charlton Athletic,58,10,42,-16,16,38,11,46,12,
2004/2005,Barclaycard Premier League 2004-2005,Birmingham City,46,12,40,-6,15,38,12,45,11,
2004/2005,Barclaycard Premier League 2004-2005,Fulham,60,8,52,-8,18,38,13,44,12,
2004/2005,Barclaycard Premier League 2004-2005,Newcastle United,57,14,47,-10,14,38,14,44,10,
2004/2005,Barclaycard Premier League 2004-2005,Blackburn Rovers,43,15,32,-11,14,38,15,42,9,
2004/2005,Barclaycard Premier League 2004-2005,Portsmouth,59,9,43,-16,19,38,16,39,10,
2004/2005,Barclaycard Premier League 2004-2005,West Bromwich Albion,61,16,36,-25,16,38,17,34,6,
2004/2005,Barclaycard Premier League 2004-2005,Crystal Palace,62,12,41,-21,19,38,18,33,7,
2004/2005,Barclaycard Premier League 2004-2005,Norwich City,77,12,42,-35,19,38,19,33,7,
2004/2005,Barclaycard Premier League 2004-2005,Southampton,66,14,45,-21,18,38,20,32,6,
2003/2004,Barclaycard Premier League 2003-2004,Arsenal,26,12,73,47,0,38,1,90,26,yes
2003/2004,Barclaycard Premier League 2003-2004,Chelsea,30,7,67,37,7,38,2,79,24,
2003/2004,Barclaycard Premier League 2003-2004,Manchester United,35,6,64,29,9,38,3,75,23,
2003/2004,Barclaycard Premier League 2003-2004,Liverpool,37,12,55,18,10,38,4,60,16,
2003/2004,Barclaycard Premier League 2003-2004,Newcastle United,40,17,52,12,8,38,5,56,13,
2003/2004,Barclaycard Premier League 2003-2004,Aston Villa,44,11,48,4,12,38,6,56,15,
2003/2004,Barclaycard Premier League 2003-2004,Charlton Athletic,51,11,51,0,13,38,7,53,14,
2003/2004,Barclaycard Premier League 2003-2004,Bolton Wanderers,56,11,48,-8,13,38,8,53,14,
2003/2004,Barclaycard Premier League 2003-2004,Fulham,47,9,52,5,15,38,9,51,14,
2003/2004,Barclaycard Premier League 2003-2004,Birmingham City,48,14,43,-5,12,38,10,50,12,
2003/2004,Barclaycard Premier League 2003-2004,Middlesbrough,52,9,44,-8,16,38,11,48,13,
2003/2004,Barclaycard Premier League 2003-2004,Southampton,45,11,44,-1,15,38,12,47,12,
2003/2004,Barclaycard Premier League 2003-2004,Portsmouth,54,8,48,-6,17,38,13,47,13,
2003/2004,Barclaycard Premier League 2003-2004,Tottenham Hotspurs,57,6,47,-10,19,38,14,45,13,
2003/2004,Barclaycard Premier League 2003-2004,Blackburn Rovers,59,8,51,-8,18,38,15,44,12,
2003/2004,Barclaycard Premier League 2003-2004,Manchester City,54,14,55,1,15,38,16,41,9,
2003/2004,Barclaycard Premier League 2003-2004,Everton,57,12,45,-12,17,38,17,39,9,
2003/2004,Barclaycard Premier League 2003-2004,Leicester City,65,15,48,-17,17,38,18,33,6,
2003/2004,Barclaycard Premier League 2003-2004,Leeds United,79,9,40,-39,21,38,19,33,8,
2003/2004,Barclaycard Premier League 2003-2004,Wolverhampton Wanderers,77,12,38,-39,19,38,20,33,7,
2002/2003,Barclaycard Premiership 2002-2003,Manchester United,34,8,74,40,5,38,1,83,25,yes
2002/2003,Barclaycard Premiership 2002-2003,Arsenal,42,9,85,43,6,38,2,78,23,
2002/2003,Barclaycard Premiership 2002-2003,Newcastle United,48,6,63,15,11,38,3,69,21,
2002/2003,Barclaycard Premiership 2002-2003,Chelsea,38,10,68,30,9,38,4,67,19,
2002/2003,Barclaycard Premiership 2002-2003,Liverpool,41,10,61,20,10,38,5,64,18,
2002/2003,Barclaycard Premiership 2002-2003,Blackburn Rovers,43,12,52,9,10,38,6,60,16,
2002/2003,Barclaycard Premiership 2002-2003,Everton,49,8,48,-1,13,38,7,59,17,
2002/2003,Barclaycard Premiership 2002-2003,Southampton,46,13,43,-3,12,38,8,52,13,
2002/2003,Barclaycard Premiership 2002-2003,Manchester City,54,6,47,-7,17,38,9,51,15,
2002/2003,Barclaycard Premiership 2002-2003,Tottenham Hotspurs,62,8,51,-11,16,38,10,50,14,
2002/2003,Barclaycard Premiership 2002-2003,Middlesbrough,44,10,48,4,15,38,11,49,13,
2002/2003,Barclaycard Premiership 2002-2003,Charlton Athletic,56,7,45,-11,17,38,12,49,14,
2002/2003,Barclaycard Premiership 2002-2003,Birmingham City,49,9,41,-8,16,38,13,48,13,
2002/2003,Barclaycard Premiership 2002-2003,Fulham,50,9,41,-9,16,38,14,48,13,
2002/2003,Barclaycard Premiership 2002-2003,Leeds United,57,5,58,1,19,38,15,47,14,
2002/2003,Barclaycard Premiership 2002-2003,Aston Villa,47,9,42,-5,17,38,16,45,12,
2002/2003,Barclaycard Premiership 2002-2003,Bolton Wanderers,51,14,41,-10,14,38,17,44,10,
2002/2003,Barclaycard Premiership 2002-2003,West Ham United,59,12,42,-17,16,38,18,42,10,
2002/2003,Barclaycard Premiership 2002-2003,West Bromwich Albion,65,8,29,-36,24,38,19,26,6,
2002/2003,Barclaycard Premiership 2002-2003,Sunderland,65,7,21,-44,27,38,20,19,4,
2001/2002,Barclaycard Premiership 2001-2002,Arsenal,36,9,79,43,3,38,1,87,26,yes
2001/2002,Barclaycard Premiership 2001-2002,Liverpool,30,8,67,37,6,38,2,80,24,
2001/2002,Barclaycard Premiership 2001-2002,Manchester United,45,5,87,42,9,38,3,77,24,
2001/2002,Barclaycard Premiership 2001-2002,Newcastle United,52,8,74,22,9,38,4,71,21,
2001/2002,Barclaycard Premiership 2001-2002,Leeds United,37,12,53,16,8,38,5,66,18,
2001/2002,Barclaycard Premiership 2001-2002,Chelsea,38,13,66,28,8,38,6,64,17,
2001/2002,Barclaycard Premiership 2001-2002,West Ham United,57,8,48,-9,15,38,7,53,15,
2001/2002,Barclaycard Premiership 2001-2002,Aston Villa,47,14,46,-1,12,38,8,50,12,
2001/2002,Barclaycard Premiership 2001-2002,Tottenham Hotspurs,53,8,49,-4,16,38,9,50,14,
2001/2002,Barclaycard Premiership 2001-2002,Blackburn Rovers,51,10,55,4,16,38,10,46,12,
2001/2002,Barclaycard Premiership 2001-2002,Southampton,54,9,46,-8,17,38,11,45,12,
2001/2002,Barclaycard Premiership 2001-2002,Middlesbrough,47,9,35,-12,17,38,12,45,12,
2001/2002,Barclaycard Premiership 2001-2002,Fulham,44,14,36,-8,14,38,13,44,10,
2001/2002,Barclaycard Premiership 2001-2002,Charlton Athletic,49,14,38,-11,14,38,14,44,10,
2001/2002,Barclaycard Premiership 2001-2002,Everton,57,10,45,-12,17,38,15,43,11,
2001/2002,Barclaycard Premiership 2001-2002,Bolton Wanderers,62,13,44,-18,16,38,16,40,9,
2001/2002,Barclaycard Premiership 2001-2002,Sunderland,51,10,29,-22,18,38,17,40,10,
2001/2002,Barclaycard Premiership 2001-2002,Ipswich Town,64,9,41,-23,20,38,18,36,9,
2001/2002,Barclaycard Premiership 2001-2002,Derby County,63,6,33,-30,24,38,19,30,8,
2001/2002,Barclaycard Premiership 2001-2002,Leicester City,64,13,30,-34,20,38,20,28,5,
2000/2001,FA Carling Premier 2000/2001,Manchester United,31,8,79,48,6,38,1,80,24,yes
2000/2001,FA Carling Premier 2000/2001,Arsenal,38,10,63,25,8,38,2,70,20,
2000/2001,FA Carling Premier 2000/2001,Liverpool,39,9,71,32,9,38,3,69,20,
2000/2001,FA Carling Premier 2000/2001,Leeds United,43,8,64,21,10,38,4,68,20,
2000/2001,FA Carling Premier 2000/2001,Ipswich Town,42,6,57,15,12,38,5,66,20,
2000/2001,FA Carling Premier 2000/2001,Chelsea,45,10,68,23,11,38,6,61,17,
2000/2001,FA Carling Premier 2000/2001,Sunderland,41,12,46,5,11,38,7,57,15,
2000/2001,FA Carling Premier 2000/2001,Aston Villa,43,15,46,3,10,38,8,54,13,
2000/2001,FA Carling Premier 2000/2001,Charlton Athletic,57,10,50,-7,14,38,9,52,14,
2000/2001,FA Carling Premier 2000/2001,Southampton,48,10,40,-8,14,38,10,52,14,
2000/2001,FA Carling Premier 2000/2001,Newcastle United,50,9,44,-6,15,38,11,51,14,
2000/2001,FA Carling Premier 2000/2001,Tottenham Hotspurs,54,10,47,-7,15,38,12,49,13,
2000/2001,FA Carling Premier 2000/2001,Leicester City,51,6,39,-12,18,38,13,48,14,
2000/2001,FA Carling Premier 2000/2001,Middlesbrough,44,15,44,0,14,38,14,42,9,
2000/2001,FA Carling Premier 2000/2001,West Ham United,50,12,45,-5,16,38,15,42,10,
2000/2001,FA Carling Premier 2000/2001,Everton,59,9,45,-14,18,38,16,42,11,
2000/2001,FA Carling Premier 2000/2001,Derby County,59,12,37,-22,16,38,17,42,10,
2000/2001,FA Carling Premier 2000/2001,Manchester City,65,10,41,-24,20,38,18,34,8,
2000/2001,FA Carling Premier 2000/2001,Coventry City,63,10,36,-27,20,38,19,34,8,
2000/2001,FA Carling Premier 2000/2001,Bradford City,70,11,30,-40,22,38,20,26,5,
1999/2000,FA Carling Premier 1999/2000,Manchester United,45,7,97,52,3,38,1,91,28,yes
1999/2000,FA Carling Premier 1999/2000,Arsenal,43,7,73,30,9,38,2,73,22,
1999/2000,FA Carling Premier 1999/2000,Leeds United,43,6,58,15,11,38,3,69,21,
1999/2000,FA Carling Premier 1999/2000,Liverpool,30,10,51,21,9,38,4,67,19,
1999/2000,FA Carling Premier 1999/2000,Chelsea,34,11,53,19,9,38,5,65,18,
1999/2000,FA Carling Premier 1999/2000,Aston Villa,35,13,46,11,10,38,6,58,15,
1999/2000,FA Carling Premier 1999/2000,Sunderland,56,10,57,1,12,38,7,58,16,
1999/2000,FA Carling Premier 1999/2000,Leicester City,55,7,55,0,15,38,8,55,16,
1999/2000,FA Carling Premier 1999/2000,West Ham United,53,10,52,-1,13,38,9,55,15,
1999/2000,FA Carling Premier 1999/2000,Tottenham Hotspurs,49,8,57,8,15,38,10,53,15,
1999/2000,FA Carling Premier 1999/2000,Newcastle United,54,10,63,9,14,38,11,52,14,
1999/2000,FA Carling Premier 1999/2000,Middlesbrough,52,10,46,-6,14,38,12,52,14,
1999/2000,FA Carling Premier 1999/2000,Everton,49,14,59,10,12,38,13,50,12,
1999/2000,FA Carling Premier 1999/2000,Coventry City,54,8,47,-7,18,38,14,44,12,
1999/2000,FA Carling Premier 1999/2000,Southampton,62,8,45,-17,18,38,15,44,12,
1999/2000,FA Carling Premier 1999/2000,Derby County,57,11,44,-13,18,38,16,38,9,
1999/2000,FA Carling Premier 1999/2000,Bradford City,68,9,38,-30,20,38,17,36,9,
1999/2000,FA Carling Premier 1999/2000,Wimbledon,74,12,46,-28,19,38,18,33,7,
1999/2000,FA Carling Premier 1999/2000,Sheffield Wednesday,70,7,38,-32,23,38,19,31,8,
1999/2000,FA Carling Premier 1999/2000,Watford,77,6,35,-42,26,38,20,24,6,
1998/1999,FA Carling Premiership   1998/99,Manchester United,37,13,80,43,3,38,1,79,22,yes
1998/1999,FA Carling Premiership   1998/99,Arsenal,17,12,59,42,4,38,2,78,22,
1998/1999,FA Carling Premiership   1998/99,Chelsea,30,15,57,27,3,38,3,75,20,
1998/1999,FA Carling Premiership   1998/99,Leeds United,34,13,62,28,7,38,4,67,18,
1998/1999,FA Carling Premiership   1998/99,West Ham United,53,9,46,-7,13,38,5,57,16,
1998/1999,FA Carling Premiership   1998/99,Aston Villa,46,10,51,5,13,38,6,55,15,
1998/1999,FA Carling Premiership   1998/99,Liverpool,49,9,68,19,14,38,7,54,15,
1998/1999,FA Carling Premiership   1998/99,Derby County,45,13,40,-5,12,38,8,52,13,
1998/1999,FA Carling Premiership   1998/99,Middlesbrough,54,15,48,-6,11,38,9,51,12,
1998/1999,FA Carling Premiership   1998/99,Leicester City,46,13,40,-6,13,38,10,49,12,
1998/1999,FA Carling Premiership   1998/99,Tottenham Hotspurs,50,14,47,-3,13,38,11,47,11,
1998/1999,FA Carling Premiership   1998/99,Sheffield Wednesday,42,7,41,-1,18,38,12,46,13,
1998/1999,FA Carling Premiership   1998/99,Newcastle United,54,13,48,-6,14,38,13,46,11,
1998/1999,FA Carling Premiership   1998/99,Everton,47,10,42,-5,17,38,14,43,11,
1998/1999,FA Carling Premiership   1998/99,Coventry City,51,9,39,-12,18,38,15,42,11,
1998/1999,FA Carling Premiership   1998/99,Wimbledon,63,12,40,-23,16,38,16,42,10,
1998/1999,FA Carling Premiership   1998/99,Southampton,64,8,37,-27,19,38,17,41,11,
1998/1999,FA Carling Premiership   1998/99,Charlton Athletic,56,12,41,-15,18,38,18,36,8,
1998/1999,FA Carling Premiership   1998/99,Blackburn Rovers,52,14,38,-14,17,38,19,35,7,
1998/1999,FA Carling Premiership   1998/99,Nottingham Forest,69,9,35,-34,22,38,20,30,7,
1997/1998,FA Carling Premiership   1997/98,Arsenal,33,9,68,35,6,38,1,78,23,yes
1997/1998,FA Carling Premiership   1997/98,Manchester United,26,8,73,47,7,38,2,77,23,
1997/1998,FA Carling Premiership   1997/98,Liverpool,42,11,68,26,9,38,3,65,18,
1997/1998,FA Carling Premiership   1997/98,Chelsea,43,3,71,28,15,38,4,63,20,
1997/1998,FA Carling Premiership   1997/98,Leeds United,46,8,57,11,13,38,5,59,17,
1997/1998,FA Carling Premiership   1997/98,Blackburn Rovers,52,10,57,5,12,38,6,58,16,
1997/1998,FA Carling Premiership   1997/98,Aston Villa,48,6,49,1,15,38,7,57,17,
1997/1998,FA Carling Premiership   1997/98,West Ham United,57,8,56,-1,14,38,8,56,16,
1997/1998,FA Carling Premiership   1997/98,Derby County,49,7,52,3,15,38,9,55,16,
1997/1998,FA Carling Premiership   1997/98,Leicester City,41,14,51,10,11,38,10,53,13,
1997/1998,FA Carling Premiership   1997/98,Coventry City,44,16,46,2,10,38,11,52,12,
1997/1998,FA Carling Premiership   1997/98,Southampton,55,6,50,-5,18,38,12,48,14,
1997/1998,FA Carling Premiership   1997/98,Newcastle United,44,11,35,-9,16,38,13,44,11,
1997/1998,FA Carling Premiership   1997/98,Tottenham Hotspurs,56,11,44,-12,16,38,14,44,11,
1997/1998,FA Carling Premiership   1997/98,Wimbledon,46,14,34,-12,14,38,15,44,10,
1997/1998,FA Carling Premiership   1997/98,Sheffield Wednesday,67,8,52,-15,18,38,16,44,12,
1997/1998,FA Carling Premiership   1997/98,Everton,56,13,41,-15,16,38,17,40,9,
1997/1998,FA Carling Premiership   1997/98,Bolton Wanderers,61,13,41,-20,16,38,18,40,9,
1997/1998,FA Carling Premiership   1997/98,Barnsley,82,5,37,-45,23,38,19,35,10,
1997/1998,FA Carling Premiership   1997/98,Crystal Palace,71,9,37,-34,21,38,20,33,8,
1996/1997,FA Carling Premiership    1996/97,Manchester United,44,12,76,32,5,38,1,75,21,yes
1996/1997,FA Carling Premiership    1996/97,Newcastle United,40,11,73,33,8,38,2,68,19,
1996/1997,FA Carling Premiership    1996/97,Arsenal,32,11,62,30,8,38,3,68,19,
1996/1997,FA Carling Premiership    1996/97,Liverpool,37,11,62,25,8,38,4,68,19,
1996/1997,FA Carling Premiership    1996/97,Aston Villa,34,10,47,13,11,38,5,61,17,
1996/1997,FA Carling Premiership    1996/97,Chelsea,55,11,58,3,11,38,6,59,16,
1996/1997,FA Carling Premiership    1996/97,Sheffield Wednesday,51,15,50,-1,9,38,7,57,14,
1996/1997,FA Carling Premiership    1996/97,Wimbledon,46,11,49,3,12,38,8,56,15,
1996/1997,FA Carling Premiership    1996/97,Leicester City,54,11,46,-8,15,38,9,47,12,
1996/1997,FA Carling Premiership    1996/97,Tottenham Hotspurs,51,7,44,-7,18,38,10,46,13,
1996/1997,FA Carling Premiership    1996/97,Leeds United,38,13,28,-10,14,38,11,46,11,
1996/1997,FA Carling Premiership    1996/97,Derby County,58,13,45,-13,14,38,12,46,11,
1996/1997,FA Carling Premiership    1996/97,Blackburn Rovers,43,15,42,-1,14,38,13,42,9,
1996/1997,FA Carling Premiership    1996/97,West Ham United,48,12,39,-9,16,38,14,42,10,
1996/1997,FA Carling Premiership    1996/97,Everton,57,12,44,-13,16,38,15,42,10,
1996/1997,FA Carling Premiership    1996/97,Southampton,56,11,50,-6,17,38,16,41,10,
1996/1997,FA Carling Premiership    1996/97,Coventry City,54,14,38,-16,15,38,17,41,9,
1996/1997,FA Carling Premiership    1996/97,Sunderland,53,10,35,-18,18,38,18,40,10,
1996/1997,FA Carling Premiership    1996/97,Middlesbrough,60,12,51,-9,16,38,19,39,10,
1996/1997,FA Carling Premiership    1996/97,Nottingham Forest,59,16,31,-28,16,38,20,34,6,
1995/1996,FA Carling Premiership   1995/96,Manchester United,35,7,73,38,6,38,1,82,25,yes
1995/1996,FA Carling Premiership   1995/96,Newcastle United,37,6,66,29,8,38,2,78,24,
1995/1996,FA Carling Premiership   1995/96,Liverpool,34,11,70,36,7,38,3,71,20,
1995/1996,FA Carling Premiership   1995/96,Aston Villa,35,9,52,17,11,38,4,63,18,
1995/1996,FA Carling Premiership   1995/96,Arsenal,32,12,49,17,9,38,5,63,17,
1995/1996,FA Carling Premiership   1995/96,Everton,44,10,64,20,11,38,6,61,17,
1995/1996,FA Carling Premiership   1995/96,Blackburn Rovers,47,7,61,14,13,38,7,61,18,
1995/1996,FA Carling Premiership   1995/96,Tottenham Hotspurs,38,13,50,12,9,38,8,61,16,
1995/1996,FA Carling Premiership   1995/96,Nottingham Forest,54,13,50,-4,10,38,9,58,15,
1995/1996,FA Carling Premiership   1995/96,West Ham United,52,9,43,-9,15,38,10,51,14,
1995/1996,FA Carling Premiership   1995/96,Chelsea,44,14,46,2,12,38,11,50,12,
1995/1996,FA Carling Premiership   1995/96,Middlesbrough,50,10,35,-15,17,38,12,43,11,
1995/1996,FA Carling Premiership   1995/96,Leeds United,57,7,40,-17,19,38,13,43,12,
1995/1996,FA Carling Premiership   1995/96,Wimbledon,70,11,55,-15,17,38,14,41,10,
1995/1996,FA Carling Premiership   1995/96,Sheffield Wednesday,61,10,48,-13,18,38,15,40,10,
1995/1996,FA Carling Premiership   1995/96,Coventry City,60,14,42,-18,16,38,16,38,8,
1995/1996,FA Carling Premiership   1995/96,Southampton,52,11,34,-18,18,38,17,38,9,
1995/1996,FA Carling Premiership   1995/96,Manchester City,58,11,33,-25,18,38,18,38,9,
1995/1996,FA Carling Premiership   1995/96,Queens Park Rangers,57,6,38,-19,23,38,19,33,9,
1995/1996,FA Carling Premiership   1995/96,Bolton Wanderers,71,5,39,-32,25,38,20,29,8,
1994/1995,Premier League   1994/95,Blackburn Rovers,39,8,80,41,7,42,1,89,27,yes
1994/1995,Premier League   1994/95,Manchester United,28,10,77,49,6,42,2,88,26,
1994/1995,Premier League   1994/95,Nottingham Forest,43,11,74,31,9,42,3,77,22,
1994/1995,Premier League   1994/95,Liverpool,37,11,65,28,10,42,4,74,21,
1994/1995,Premier League   1994/95,Leeds,38,13,59,21,9,42,5,73,20,
1994/1995,Premier League   1994/95,Newcastle United,47,12,67,20,10,42,6,72,20,
1994/1995,Premier League   1994/95,Tottenham Hotspurs,58,14,66,8,12,42,7,62,16,
1994/1995,Premier League   1994/95,Queens Park Rangers,59,9,61,2,16,42,8,60,17,
1994/1995,Premier League   1994/95,Wimbledon,65,11,48,-17,16,42,9,56,15,
1994/1995,Premier League   1994/95,Southampton,63,18,61,-2,12,42,10,54,12,
1994/1995,Premier League   1994/95,Chelsea,55,15,50,-5,14,42,11,54,13,
1994/1995,Premier League   1994/95,Arsenal,49,12,52,3,17,42,12,51,13,
1994/1995,Premier League   1994/95,Sheffield Wednesday,57,12,49,-8,17,42,13,51,13,
1994/1995,Premier League   1994/95,West Ham,48,11,44,-4,18,42,14,50,13,
1994/1995,Premier League   1994/95,Everton,51,17,44,-7,14,42,15,50,11,
1994/1995,Premier League   1994/95,Coventry City,62,14,44,-18,16,42,16,50,12,
1994/1995,Premier League   1994/95,Manchester City,64,13,53,-11,17,42,17,49,12,
1994/1995,Premier League   1994/95,Aston Villa,56,15,51,-5,16,42,18,48,11,
1994/1995,Premier League   1994/95,Crystal Palace,51,12,34,-17,19,42,19,45,11,
1994/1995,Premier League   1994/95,Norwich City,54,13,37,-17,19,42,20,43,10,
1994/1995,Premier League   1994/95,Leicester,80,11,45,-35,25,42,21,29,6,
1994/1995,Premier League   1994/95,Ipswich Town,93,6,36,-57,29,42,22,27,7,
1993/1994,FA Carling Premiership 93/94,Manchester United,38,11,80,42,4,42,1,92,27,yes
1993/1994,FA Carling Premiership 93/94,Blackburn Rovers,36,9,63,27,8,42,2,84,25,
1993/1994,FA Carling Premiership 93/94,Newcastle United,41,8,82,41,11,42,3,77,23,
1993/1994,FA Carling Premiership 93/94,Arsenal,28,17,53,25,7,42,4,71,18,
1993/1994,FA Carling Premiership 93/94,Leeds United,39,16,65,26,8,42,5,70,18,
1993/1994,FA Carling Premiership 93/94,Wimbledon,53,11,56,3,13,42,6,65,18,
1993/1994,FA Carling Premiership 93/94,Sheffield Wednesday,54,16,76,22,10,42,7,64,16,
1993/1994,FA Carling Premiership 93/94,Liverpool,55,9,59,4,16,42,8,60,17,
1993/1994,FA Carling Premiership 93/94,Queens Park Rangers,61,12,62,1,14,42,9,60,16,
1993/1994,FA Carling Premiership 93/94,Aston Villa,50,12,46,-4,15,42,10,57,15,
1993/1994,FA Carling Premiership 93/94,Coventry City,45,14,43,-2,14,42,11,56,14,
1993/1994,FA Carling Premiership 93/94,Norwich City,61,17,65,4,13,42,12,53,12,
1993/1994,FA Carling Premiership 93/94,West Ham United,58,13,47,-11,16,42,13,52,13,
1993/1994,FA Carling Premiership 93/94,Chelsea,53,12,49,-4,17,42,14,51,13,
1993/1994,FA Carling Premiership 93/94,Tottenham Hotspurs,59,12,54,-5,19,42,15,45,11,
1993/1994,FA Carling Premiership 93/94,Manchester City,49,18,38,-11,15,42,16,45,9,
1993/1994,FA Carling Premiership 93/94,Everton,63,8,42,-21,22,42,17,44,12,
1993/1994,FA Carling Premiership 93/94,Southampton,66,7,49,-17,23,42,18,43,12,
1993/1994,FA Carling Premiership 93/94,Ipswich Town,58,16,35,-23,17,42,19,43,9,
1993/1994,FA Carling Premiership 93/94,Sheffield United,60,18,42,-18,16,42,20,42,8,
1993/1994,FA Carling Premiership 93/94,Oldham Athletic,68,13,42,-26,20,42,21,40,9,
1993/1994,FA Carling Premiership 93/94,Swindon Town,100,15,47,-53,22,42,22,30,5,
1992/1993,FA Premier League 92/93,Manchester United,31,12,67,36,6,42,1,84,24,yes
1992/1993,FA Premier League 92/93,Aston Villa,40,11,57,17,10,42,2,74,21,
1992/1993,FA Premier League 92/93,Norwich City,65,9,61,-4,12,42,3,72,21,
1992/1993,FA Premier League 92/93,Blackburn Rovers,46,11,68,22,11,42,4,71,20,
1992/1993,FA Premier League 92/93,Queens Park Rangers,55,12,63,8,13,42,5,63,17,
1992/1993,FA Premier League 92/93,Liverpool,55,11,62,7,15,42,6,59,16,
1992/1993,FA Premier League 92/93,Sheffield Wednesday,51,14,55,4,13,42,7,59,15,
1992/1993,FA Premier League 92/93,Tottenham Hotspurs,66,11,60,-6,15,42,8,59,16,
1992/1993,FA Premier League 92/93,Manchester City,51,12,56,5,15,42,9,57,15,
1992/1993,FA Premier League 92/93,Arsenal,38,11,40,2,16,42,10,56,15,
1992/1993,FA Premier League 92/93,Chelsea,54,14,51,-3,14,42,11,56,14,
1992/1993,FA Premier League 92/93,Wimbledon,55,12,56,1,16,42,12,54,14,
1992/1993,FA Premier League 92/93,Everton,55,8,53,-2,19,42,13,53,15,
1992/1993,FA Premier League 92/93,Sheffield United,53,10,54,1,18,42,14,52,14,
1992/1993,FA Premier League 92/93,Coventry City,57,13,52,-5,16,42,15,52,13,
1992/1993,FA Premier League 92/93,Ipswich Town,55,16,50,-5,14,42,16,52,12,
1992/1993,FA Premier League 92/93,Leeds United,62,15,57,-5,15,42,17,51,12,
1992/1993,FA Premier League 92/93,Southampton,61,11,54,-7,18,42,18,50,13,
1992/1993,FA Premier League 92/93,Oldham Athletic,74,10,63,-11,19,42,19,49,13,
1992/1993,FA Premier League 92/93,Crystal Palace,61,16,48,-13,15,42,20,49,11,
1992/1993,FA Premier League 92/93,Middlesbrough,75,11,54,-21,20,42,21,44,11,
1992/1993,FA Premier League 92/93,Nottingham Forest,62,10,41,-21,22,42,22,40,10,
